Molecule Name,∆LFQ,Std. Dev.,P-Value,Molecule Type
GTT1 (YIR038c),1.58808,0.232151,0.000728997,PROTEIN
NEO1 (YIL048w),0.990978,0.133152,0.00073274,PROTEIN
SSM4 (YIL030c),0.947704,0.150101,0.000750083,PROTEIN
PHO12;PHO11 (YHR215w;YAR071w),-1.36293,0.17948,0.001225507,PROTEIN
